taxonomic_code;genus;species;infra_species
ACHN;Achnanthes;;
AAMP;Achnanthes;Achnanthes amphicephala;
ACOA;Achnanthes;Achnanthes coarctata;
AEXG;Achnanthes;Achnanthes exigua;
AEHP;Achnanthes;Achnanthes exigua;Achnanthes exigua var. heterovalvata f. profunda
ASIE;Achnanthes;Achnanthes sieminskae;
ACHD;Achnanthidium;;
AASI;Achnanthidium;Achnanthidium acsiae;
ACAF;Achnanthidium;Achnanthidium affine;
ADAM;Achnanthidium;Achnanthidium atomoides;
ABRT;Achnanthidium;Achnanthidium bioretii;
ADCA;Achnanthidium;Achnanthidium caledonicum;
ADCV;Achnanthidium;Achnanthidium caravelense;
ADCT;Achnanthidium;Achnanthidium catenatum;
ADDA;Achnanthidium;Achnanthidium daonense;
ADMO;Achnanthidium;Achnanthidium delmontii;
ADRU;Achnanthidium;Achnanthidium druartii;
ADEU;Achnanthidium;Achnanthidium eutrophilum;
ADEG;Achnanthidium;Achnanthidium exiguum;
ADEX;Achnanthidium;Achnanthidium exile;
ADGL;Achnanthidium;Achnanthidium gracillimum;
AHOF;Achnanthidium;Achnanthidium hoffmannii;
ADJK;Achnanthidium;Achnanthidium jackii;
ADKR;Achnanthidium;Achnanthidium kranzii;
ADLA;Achnanthidium;Achnanthidium latecephalum;
ADLB;Achnanthidium;Achnanthidium lauenburgianum;
ACLI;Achnanthidium;Achnanthidium lineare;
ADMC;Achnanthidium;Achnanthidium microcephalum;
ADMI;Achnanthidium;Achnanthidium minutissimum;
ADNM;Achnanthidium;Achnanthidium neomicrocephalum;
APEE;Achnanthidium;Achnanthidium peetersianum;
APFI;Achnanthidium;Achnanthidium pfisteri;
ADPY;Achnanthidium;Achnanthidium pyrenaicum;
ADRI;Achnanthidium;Achnanthidium rivulare;
ARPY;Achnanthidium;Achnanthidium rostropyrenaicum;
ADSA;Achnanthidium;Achnanthidium saprophilum;
ADSB;Achnanthidium;Achnanthidium straubianum;
ADSO;Achnanthidium;Achnanthidium subatomoides;
ADSU;Achnanthidium;Achnanthidium subatomus;
ADSH;Achnanthidium;Achnanthidium subhudsonis;
ADSK;Achnanthidium;Achnanthidium subhudsonis;Achnanthidium subhudsonis var. kraeuselii
ADTK;Achnanthidium;Achnanthidium temniskovae;
ADTH;Achnanthidium;Achnanthidium thienemannii;
ADTR;Achnanthidium;Achnanthidium trinode;
ADTC;Achnanthidium;Achnanthidium tropicocatenatum;
AZHA;Achnanthidium;Achnanthidium zhakovschikovii;
ACTC;Actinocyclus;;
ANMN;Actinocyclus;Actinocyclus normanii;
ADLF;Adlafia;;
AFBA;Adlafia;Adlafia baicalensis;
ABRY;Adlafia;Adlafia bryophila;
ALBL;Adlafia;Adlafia langebertalotii;
ADMS;Adlafia;Adlafia minuscula;
ADMU;Adlafia;Adlafia muralis;
AMPI;Amphipleura;;
APEL;Amphipleura;Amphipleura pellucida;
AMPH;Amphora;;
ACOP;Amphora;Amphora copulata;
AINA;Amphora;Amphora inariensis;
AMID;Amphora;Amphora indistincta;
AMLB;Amphora;Amphora lange-bertalotii;
ALGT;Amphora;Amphora lange-bertalotii;Amphora lange-bertalotii var. tenuis
AMCD;Amphora;Amphora macedoniensis;
AMDN;Amphora;Amphora meridionalis;
AMMC;Amphora;Amphora micra;
AOVA;Amphora;Amphora ovalis;
APED;Amphora;Amphora pediculus;
APOT;Amphora;Amphora polita;
APNC;Amphora;Amphora polonica;
AVTU;Amphora;Amphora vetula;
ANES;Aneumastus;;
ANSS;Aneumastus;Aneumastus stroesei;
ANOM;Anomoeoneis;;
AICC;Anomoeoneis;Anomoeoneis inconcinna;
ASPH;Anomoeoneis;Anomoeoneis sphaerophora;
ASRS;Asterionella;;
AFOR;Asterionella;Asterionella formosa;
AULA;Aulacoseira;;
AAMB;Aulacoseira;Aulacoseira ambigua;
AUAJ;Aulacoseira;Aulacoseira ambigua;Aulacoseira ambigua f. japonica
AUBR;Aulacoseira;Aulacoseira brasiliensis;
AGSL;Aulacoseira;Aulacoseira granulata;
AGCU;Aulacoseira;Aulacoseira granulata;Aulacoseira granulata f. curvata
AUGA;Aulacoseira;Aulacoseira granulata;Aulacoseira granulata var. angustissima
AMUZ;Aulacoseira;Aulacoseira muzzanensis;
AUPF;Aulacoseira;Aulacoseira pfaffiana;
AUPU;Aulacoseira;Aulacoseira pusilla;
AUSP;Aulacoseira;Aulacoseira sphaerica;
AUSU;Aulacoseira;Aulacoseira subarctica;
AUTL;Aulacoseira;Aulacoseira tenella;
AUTE;Aulacoseira;Aulacoseira tethera;
BACI;Bacillaria;;
BPAX;Bacillaria;Bacillaria paxillifera;
BERK;Berkeleya;;
BRUT;Berkeleya;Berkeleya rutilans;
BIRE;Biremis;;
BCOT;Biremis;Biremis bicontracta;
BIMI;Biremis;Biremis minutissima;
BRAC;Brachysira;;
BBRE;Brachysira;Brachysira brebissonii;
BNEG;Brachysira;Brachysira neglectissima;
BNEO;Brachysira;Brachysira neoexilis;
BVIT;Brachysira;Brachysira vitrea;
CALO;Caloneis;;
CAPS;Caloneis;Caloneis alpestris;
CAMP;Caloneis;Caloneis amphisbaena;
CFON;Caloneis;Caloneis fontinalis;
CLCT;Caloneis;Caloneis lancettula;
CMAC;Caloneis;Caloneis macedonica;
CMIU;Caloneis;Caloneis minuta;
CMOL;Caloneis;Caloneis molaris;
CSHZ;Caloneis;Caloneis schilberszkyi;
CSHU;Caloneis;Caloneis schumanniana;
CSBI;Caloneis;Caloneis schumanniana;Caloneis schumanniana var. biconstricta
CSIL;Caloneis;Caloneis silicula;
CATE;Caloneis;Caloneis tenuis;
CAVI;Cavinula;;
CCOC;Cavinula;Cavinula cocconeiformis;
CPSE;Cavinula;Cavinula pseudoscutiformis;
CVPU;Cavinula;Cavinula pusio;
CHAM;Chamaepinnularia;;
CHEV;Chamaepinnularia;Chamaepinnularia evanida;
CHOB;Chamaepinnularia;Chamaepinnularia obsoleta;
CHSO;Chamaepinnularia;Chamaepinnularia soehrensis;
CSMU;Chamaepinnularia;Chamaepinnularia submuscicola;
COCO;Cocconeis;;
CDIS;Cocconeis;Cocconeis disculus;
CEUG;Cocconeis;Cocconeis euglypta;
CEUO;Cocconeis;Cocconeis euglyptoides;
CLNT;Cocconeis;Cocconeis lineata;
CNDI;Cocconeis;Cocconeis neodiminuta;
CNTH;Cocconeis;Cocconeis neothumensis;
CPED;Cocconeis;Cocconeis pediculus;
CPLA;Cocconeis;Cocconeis placentula;
CPLK;Cocconeis;Cocconeis placentula;Cocconeis placentula var. klinoraphis
COPL;Cocconeis;Cocconeis pseudolineata;
COPS;Cocconeis;Cocconeis pseudothumensis;
CROX;Cocconeis;Cocconeis rouxii;
COCB;Conticribra;;
CTWE;Conticribra;Conticribra weissflogii;
CRAT;Craticula;;
CRAC;Craticula;Craticula accomoda;
CAMB;Craticula;Craticula ambigua;
CRBU;Craticula;Craticula buderi;
CRCU;Craticula;Craticula cuspidata;
CHLI;Craticula;Craticula halophilioides;
CRLB;Craticula;Craticula lange-bertalotii;
CMLF;Craticula;Craticula molestiformis;
CSNU;Craticula;Craticula subminuscula;
CRNT;Crenotia;;
CRTH;Crenotia;Crenotia thermalis;
CTNP;Ctenophora;;
CTPU;Ctenophora;Ctenophora pulchella;
CCST;Cyclostephanos;;
CSDL;Cyclostephanos;Cyclostephanos delicatus;
CDUB;Cyclostephanos;Cyclostephanos dubius;
CINV;Cyclostephanos;Cyclostephanos invisitatus;
CYCL;Cyclotella;;
CATO;Cyclotella;Cyclotella atomus;
CAGR;Cyclotella;Cyclotella atomus;Cyclotella atomus var. gracilis
CDTG;Cyclotella;Cyclotella distinguenda;
CIRI;Cyclotella;Cyclotella iris;
CMDU;Cyclotella;Cyclotella meduanae;
CMEN;Cyclotella;Cyclotella meneghiniana;
CTEM;Cyclotella;Cyclotella temperei;
CMTS;Cymatopleura;;
CYAP;Cymatopleura;Cymatopleura apiculata;
CYMB;Cymbella;;
CAFF;Cymbella;Cymbella affinis;
CASP;Cymbella;Cymbella aspera;
CCMP;Cymbella;Cymbella compacta;
CAEX;Cymbella;Cymbella excisa;
CEXF;Cymbella;Cymbella excisiformis;
CHEL;Cymbella;Cymbella helvetica;
CKPP;Cymbella;Cymbella kappii;
CLTL;Cymbella;Cymbella lancettula;
CLBE;Cymbella;Cymbella lange-bertalotii;
CLEP;Cymbella;Cymbella leptoceros;
CNCI;Cymbella;Cymbella neocistula;
CNLC;Cymbella;Cymbella neolanceolata;
CNLP;Cymbella;Cymbella neoleptoceros;
CPAR;Cymbella;Cymbella parva;
CPPV;Cymbella;Cymbella perparva;
CPRX;Cymbella;Cymbella proxima;
CSCI;Cymbella;Cymbella subcistula;
CSBH;Cymbella;Cymbella subhelvetica;
CSLP;Cymbella;Cymbella subleptoceros;
CSUT;Cymbella;Cymbella subtruncata;
CTRO;Cymbella;Cymbella tropica;
CTUM;Cymbella;Cymbella tumida;
CTMD;Cymbella;Cymbella tumidula;
CTUP;Cymbella;Cymbella tumidula;Cymbella tumidula var. procera
CTGL;Cymbella;Cymbella turgidula;
CVUL;Cymbella;Cymbella vulgata;
CBPL;Cymbopleura;;
CBAM;Cymbopleura;Cymbopleura amphicephala;
CAGL;Cymbopleura;Cymbopleura anglica;
CCLV;Cymbopleura;Cymbopleura cleveana;
CFTF;Cymbopleura;Cymbopleura florentiniformis;
CHCN;Cymbopleura;Cymbopleura hercynica;
CIQL;Cymbopleura;Cymbopleura inaequalis;
CBKU;Cymbopleura;Cymbopleura kuelbsii;
CBNA;Cymbopleura;Cymbopleura naviculiformis;
CSAQ;Cymbopleura;Cymbopleura subaequalis;
DLCP;Delicatophycus;;
DPAL;Delicatophycus;Delicatophycus alpestris;
DPDE;Delicatophycus;Delicatophycus delicatulus;
DENS;Denticula;;
DKUE;Denticula;Denticula kuetzingii;
DSUN;Denticula;Denticula sundaysensis;
DTEN;Denticula;Denticula tenuis;
DTFR;Denticula;Denticula tenuis;Denticula tenuis var. frigida
DDSP;Diadesmis;;
DCOF;Diadesmis;Diadesmis confervacea;
DIAS;Diatoma;;
DANC;Diatoma;Diatoma anceps;
DEHR;Diatoma;Diatoma ehrenbergii;
DMES;Diatoma;Diatoma mesodon;
DMON;Diatoma;Diatoma moniliformis;
DPRO;Diatoma;Diatoma problematica;
DITE;Diatoma;Diatoma tenue;
DVUL;Diatoma;Diatoma vulgaris;
DVLN;Diatoma;Diatoma vulgaris;Diatoma vulgaris f. lineare
DIDS;Didymosphenia;;
DGEM;Didymosphenia;Didymosphenia geminata;
DIPL;Diploneis;;
DKRA;Diploneis;Diploneis krammeri;
DMAR;Diploneis;Diploneis marginestriata;
DMOD;Diploneis;Diploneis modica;
DOBL;Diploneis;Diploneis oblongella;
DOCU;Diploneis;Diploneis oculata;
DPAR;Diploneis;Diploneis parma;
DSEP;Diploneis;Diploneis separanda;
DISC;Discostella;;
DPSG;Discostella;Discostella pseudostelligera;
DSTE;Discostella;Discostella stelligera;
DSTT;Discostella;Discostella stelligera;Discostella stelligera var. tenuis
DTRN;Distrionella;;
DICG;Distrionella;Distrionella incognita;
DORO;Dorofeyukea;;
DKOT;Dorofeyukea;Dorofeyukea kotschyi;
ELLE;Ellerbeckia;;
EARE;Ellerbeckia;Ellerbeckia arenaria;
ENCY;Encyonema;;
ENAL;Encyonema;Encyonema alpinum;
EAUE;Encyonema;Encyonema auerswaldii;
ECAE;Encyonema;Encyonema caespitosum;
ELAC;Encyonema;Encyonema lacustre;
ELBV;Encyonema;Encyonema lange-bertalotii;
ELEI;Encyonema;Encyonema leibleinii;
ENMI;Encyonema;Encyonema minutum;
ENNG;Encyonema;Encyonema neogracile;
ENPE;Encyonema;Encyonema perpusillum;
ESLE;Encyonema;Encyonema silesiacum;
ENSI;Encyonema;Encyonema simile;
ENTR;Encyonema;Encyonema triangulum;
ENVE;Encyonema;Encyonema ventricosum;
EVUL;Encyonema;Encyonema vulgare;
ECNS;Encyonopsis;;
ECES;Encyonopsis;Encyonopsis cesatii;
ECKR;Encyonopsis;Encyonopsis krammeri;
ENCM;Encyonopsis;Encyonopsis microcephala;
ECPM;Encyonopsis;Encyonopsis minuta;
ERBU;Encyonopsis;Encyonopsis robusta;
ESUM;Encyonopsis;Encyonopsis subminuta;
ECTA;Encyonopsis;Encyonopsis tavirana;
EOLI;Eolimna;;
EOCO;Eolimna;Eolimna comperei;
EMUD;Eolimna;Eolimna muraloides;
EPIS;Epithemia;;
EADN;Epithemia;Epithemia adnata;
EGBA;Epithemia;Epithemia gibba;
EGOE;Epithemia;Epithemia goeppertiana;
EOPE;Epithemia;Epithemia operculata;
EREI;Epithemia;Epithemia reicheltii;
ESOR;Epithemia;Epithemia sorex;
ETUR;Epithemia;Epithemia turgida;
ETWE;Epithemia;Epithemia turgida;Epithemia turgida var. westermannii
EUCO;Eucocconeis;;
EUAU;Eucocconeis;Eucocconeis austriaca;
EUFL;Eucocconeis;Eucocconeis flexella;
EULA;Eucocconeis;Eucocconeis laevis;
EUNO;Eunotia;;
EARB;Eunotia;Eunotia arcubus;
EBCS;Eunotia;Eunotia biconstricta;
EUBI;Eunotia;Eunotia bidens;
EBIL;Eunotia;Eunotia bilunaris;
EBOA;Eunotia;Eunotia boreoalpina;
EBOT;Eunotia;Eunotia botuliformis;
ECTO;Eunotia;Eunotia cantonatii;
EUCI;Eunotia;Eunotia cisalpina;
ECTG;Eunotia;Eunotia curtagrunowii;
EEUR;Eunotia;Eunotia eurycephala;
EEXI;Eunotia;Eunotia exigua;
EFAB;Eunotia;Eunotia faba;
EFLE;Eunotia;Eunotia flexuosa;
EFOR;Eunotia;Eunotia formica;
EFOM;Eunotia;Eunotia formicina;
EGFA;Eunotia;Eunotia glacialifalsa;
EGLS;Eunotia;Eunotia glacialispinosa;
EIMP;Eunotia;Eunotia implicata;
EINC;Eunotia;Eunotia incisa;
EICD;Eunotia;Eunotia incisadistans;
EUIN;Eunotia;Eunotia intermedia;
EISL;Eunotia;Eunotia islandica;
EJUE;Eunotia;Eunotia juettnerae;
EMMO;Eunotia;Eunotia metamonodon;
EMIN;Eunotia;Eunotia minor;
EMNU;Eunotia;Eunotia minutula;
EUNE;Eunotia;Eunotia neoscandinavica;
EPLT;Eunotia;Eunotia palatina;
EUPA;Eunotia;Eunotia paludosa;
EPTD;Eunotia;Eunotia paratridentula;
EPEM;Eunotia;Eunotia perminuta;
EPRA;Eunotia;Eunotia praerupta;
EPSG;Eunotia;Eunotia pseudogroenlandica;
ERHO;Eunotia;Eunotia rhomboidea;
ESIL;Eunotia;Eunotia silvahercynia;
ESUB;Eunotia;Eunotia subarcuatoides;
ESUD;Eunotia;Eunotia sudetica;
ETEN;Eunotia;Eunotia tenella;
ETET;Eunotia;Eunotia tetraodon;
ETNC;Eunotia;Eunotia trinacria;
EURS;Eunotia;Eunotia ursamaioris;
EVAL;Eunotia;Eunotia valida;
EYBE;Eunotia;Eunotia yberai;
EUFO;Eunotioforma;;
EFGE;Eunotioforma;Eunotioforma genuflexa;
FALL;Fallacia;;
FHEL;Fallacia;Fallacia helensis;
FLEN;Fallacia;Fallacia lenzii;
FMIT;Fallacia;Fallacia mitis;
FOMI;Fallacia;Fallacia omissa;
FPYG;Fallacia;Fallacia pygmaea;
FSBH;Fallacia;Fallacia subhamulata;
FSLU;Fallacia;Fallacia sublucidula;
FSPY;Fallacia;Fallacia subpygmaea;
FTNR;Fallacia;Fallacia tenera;
FVTR;Fallacia;Fallacia vitrea;
FITU;Fistulifera;;
FPEL;Fistulifera;Fistulifera pelliculosa;
FSAP;Fistulifera;Fistulifera saprophila;
FRAG;Fragilaria;;
FAPO;Fragilaria;Fragilaria amphicephaloides;
FAUT;Fragilaria;Fragilaria austriaca;
FBID;Fragilaria;Fragilaria bidens;
FCAD;Fragilaria;Fragilaria candidagilae;
FCAP;Fragilaria;Fragilaria capucina;
FRUT;Fragilaria;Fragilaria capucina;Fragilaria capucina var. rumpens abnormal form
FCRO;Fragilaria;Fragilaria crotonensis;
FFAM;Fragilaria;Fragilaria famelica;
FGRA;Fragilaria;Fragilaria gracilis;
FMES;Fragilaria;Fragilaria mesolepta;
FMIV;Fragilaria;Fragilaria microvaucheriae;
FNIN;Fragilaria;Fragilaria neointermedia;
FNEV;Fragilaria;Fragilaria nevadensis;
FPRU;Fragilaria;Fragilaria pararumpens;
FPEC;Fragilaria;Fragilaria pectinalis;
FRAD;Fragilaria;Fragilaria radians;
FRCP;Fragilaria;Fragilaria recapitellata;
FSDL;Fragilaria;Fragilaria sandellii;
FTEN;Fragilaria;Fragilaria tenera;
FTLE;Fragilaria;Fragilaria tenera;Fragilaria tenera var. lemanensis
FTNA;Fragilaria;Fragilaria tenera;Fragilaria tenera var. nanana
FVAU;Fragilaria;Fragilaria vaucheriae;
FFSP;Fragilariforma;;
FFBI;Fragilariforma;Fragilariforma bicapitata;
FFCO;Fragilariforma;Fragilariforma constricta;
FFNI;Fragilariforma;Fragilariforma nitzschioides;
FFVI;Fragilariforma;Fragilariforma virescens;
FRUS;Frustulia;;
FAMO;Frustulia;Frustulia amosseana;
FAPP;Frustulia;Frustulia amphipleuroides;
FCRS;Frustulia;Frustulia crassinervia;
FERI;Frustulia;Frustulia erifuga;
FVUL;Frustulia;Frustulia vulgaris;
FWEI;Frustulia;Frustulia weinholdi;
GEIS;Geissleria;;
GACC;Geissleria;Geissleria acceptata;
GNEI;Gomphoneis;;
GCFU;Gomphoneis;Gomphoneis calcifuga;
GERI;Gomphoneis;Gomphoneis eriense;
GEVA;Gomphoneis;Gomphoneis eriense;Gomphoneis eriense var. variabilis
GMMI;Gomphoneis;Gomphoneis minuta;
GSVA;Gomphoneis;Gomphoneis variostigmata;
GPNL;Gomphonella;;
GNLC;Gomphonella;Gomphonella calcarea;
GLOV;Gomphonella;Gomphonella olivacea;
GLOL;Gomphonella;Gomphonella olivaceolacua;
GLSF;Gomphonella;Gomphonella stauroneiformis;
GOMP;Gomphonema;;
GADC;Gomphonema;Gomphonema acidoclinatum;
GACU;Gomphonema;Gomphonema acuminatum;
GANG;Gomphonema;Gomphonema angustatum;
GAGC;Gomphonema;Gomphonema angusticephalum;
GAGU;Gomphonema;Gomphonema angustius;
GAGV;Gomphonema;Gomphonema angustivalva;
GAUG;Gomphonema;Gomphonema augur;
GAUR;Gomphonema;Gomphonema auritum;
GBOB;Gomphonema;Gomphonema bourbonense;
GBRE;Gomphonema;Gomphonema brebissonii;
GCAP;Gomphonema;Gomphonema capitatum;
GCLA;Gomphonema;Gomphonema clavatum;
GCUN;Gomphonema;Gomphonema cuneolus;
GCUV;Gomphonema;Gomphonema curvipedatum;
GCBC;Gomphonema;Gomphonema cymbelliclinum;
GDRU;Gomphonema;Gomphonema drutelingense;
GELG;Gomphonema;Gomphonema elegantissimum;
GEXL;Gomphonema;Gomphonema exilissimum;
GGRA;Gomphonema;Gomphonema gracile;
GITA;Gomphonema;Gomphonema italicum;
GLGN;Gomphonema;Gomphonema lagenula;
GLAT;Gomphonema;Gomphonema lateripunctatum;
GMEX;Gomphonema;Gomphonema mexicanum;
GMPU;Gomphonema;Gomphonema micropumilum;
GMIC;Gomphonema;Gomphonema micropus;
GMIS;Gomphonema;Gomphonema minusculum;
GMIN;Gomphonema;Gomphonema minutum;
GOLD;Gomphonema;Gomphonema olivaceoides;
GPAR;Gomphonema;Gomphonema parvulum;
GPRA;Gomphonema;Gomphonema pratense;
GPRO;Gomphonema;Gomphonema productum;
GPSA;Gomphonema;Gomphonema pseudoaugur;
GPUM;Gomphonema;Gomphonema pumilum;
GPRI;Gomphonema;Gomphonema pumilum;Gomphonema pumilum var. rigidum
GRHB;Gomphonema;Gomphonema rhombicum;
GROS;Gomphonema;Gomphonema rosenstockianum;
GSPP;Gomphonema;Gomphonema saprophilum;
GSAR;Gomphonema;Gomphonema sarcophagus;
GSCL;Gomphonema;Gomphonema subclavatum;
GTNO;Gomphonema;Gomphonema tenoccultum;
GTER;Gomphonema;Gomphonema tergestinum;
GTRU;Gomphonema;Gomphonema truncatum;
GURH;Gomphonema;Gomphonema uniserhombicum;
GVRD;Gomphonema;Gomphonema varioreduncum;
GVAH;Gomphonema;Gomphonema variscohercynicum;
GVID;Gomphonema;Gomphonema vidalii;
GZEL;Gomphonema;Gomphonema zellense;
GOPP;Gomphosphenia;;
GPHQ;Gomphosphenia;Gomphosphenia holmquistii;
GPLI;Gomphosphenia;Gomphosphenia lingulatiformis;
GOAH;Gomphosphenia;Gomphosphenia oahuensis;
GYRO;Gyrosigma;;
GYAC;Gyrosigma;Gyrosigma acuminatum;
GYAT;Gyrosigma;Gyrosigma attenuatum;
GYKU;Gyrosigma;Gyrosigma kuetzingii;
GYOB;Gyrosigma;Gyrosigma obtusatum;
GYPA;Gyrosigma;Gyrosigma parkerii;
GSCI;Gyrosigma;Gyrosigma sciotoense;
GWOR;Gyrosigma;Gyrosigma wormleyi;
HALA;Halamphora;;
HABO;Halamphora;Halamphora borealis;
HACO;Halamphora;Halamphora coffeaeformis;
HLMO;Halamphora;Halamphora montana;
HNOR;Halamphora;Halamphora normanii;
HSMO;Halamphora;Halamphora submontana;
HTHU;Halamphora;Halamphora thumensis;
HVEN;Halamphora;Halamphora veneta;
HANN;Hannaea;;
HARC;Hannaea;Hannaea arcus;
HANT;Hantzschia;;
HABU;Hantzschia;Hantzschia abundans;
HAMP;Hantzschia;Hantzschia amphioxys;
HCAL;Hantzschia;Hantzschia calcifuga;
HIPO;Hippodonta;;
HARK;Hippodonta;Hippodonta arkonensis;
HCAP;Hippodonta;Hippodonta capitata;
HCOS;Hippodonta;Hippodonta costulata;
HCOF;Hippodonta;Hippodonta costulatiformis;
HCDE;Hippodonta;Hippodonta costulatiformis;Hippodonta costulatiformis var. densistriata
HCOX;Hippodonta;Hippodonta coxiae;
HHUN;Hippodonta;Hippodonta hungarica;
HLUE;Hippodonta;Hippodonta lueneburgensis;
HNEG;Hippodonta;Hippodonta neglecta;
HOLO;Hippodonta;Hippodonta olofjarlmannii;
HPDA;Hippodonta;Hippodonta pseudacceptata;
HUMI;Humidophila;;
HBCP;Humidophila;Humidophila biceps;
HBRE;Humidophila;Humidophila brekkaensis;
HUCO;Humidophila;Humidophila contenta;
HPEP;Humidophila;Humidophila perpusilla;
HSMA;Humidophila;Humidophila schmassmannii;
ICON;Iconella;;
IBIF;Iconella;Iconella bifrons;
IBIS;Iconella;Iconella biseriata;
IDEL;Iconella;Iconella delicatissima;
IHEL;Iconella;Iconella helvetica;
ILIN;Iconella;Iconella linearis;
ISPL;Iconella;Iconella splendida;
ITEN;Iconella;Iconella tenera;
KARA;Karayevia;;
KCLE;Karayevia;Karayevia clevei;
KAKO;Karayevia;Karayevia kolbei;
KALA;Karayevia;Karayevia laterostrata;
KAPL;Karayevia;Karayevia ploenensis;
KAPG;Karayevia;Karayevia ploenensis;Karayevia ploenensis var. gessneri
KOBL;Kobayasiella;;
KOPA;Kobayasiella;Kobayasiella parasubtilissima;
KOLB;Kolbesia;;
KSUC;Kolbesia;Kolbesia suchlandtii;
LEMN;Lemnicola;;
LEXI;Lemnicola;Lemnicola exigua;
LHUN;Lemnicola;Lemnicola hungarica;
LIND;Lindavia;;
LBAL;Lindavia;Lindavia balatonis;
LPRA;Lindavia;Lindavia praetermissa;
LRAD;Lindavia;Lindavia radiosa;
LDTE;Lindavia;Lindavia tenuistriata;
LUSP;Luticola;;
LACD;Luticola;Luticola acidoclinata;
LCOH;Luticola;Luticola cohnii;
LFRQ;Luticola;Luticola frequentissima;
LGOP;Luticola;Luticola goeppertiana;
LHLU;Luticola;Luticola hlubikovae;
LUMI;Luticola;Luticola minor;
LMIT;Luticola;Luticola mitigata;
LMUT;Luticola;Luticola mutica;
LNIV;Luticola;Luticola nivalis;
LPEG;Luticola;Luticola peguana;
LPNI;Luticola;Luticola pseudonivalis;
LSTI;Luticola;Luticola stigma;
LTRI;Luticola;Luticola triundulata;
LVCF;Luticola;Luticola ventriconfusa;
LVEN;Luticola;Luticola ventricosa;
MAYA;Mayamaea;;
MALC;Mayamaea;Mayamaea alcimonica;
MAAT;Mayamaea;Mayamaea atomus;
MAFO;Mayamaea;Mayamaea fossalis;
MING;Mayamaea;Mayamaea ingenua;
MPMI;Mayamaea;Mayamaea permitis;
MELO;Melosira;;
MVAR;Melosira;Melosira varians;
MERI;Meridion;;
MCIR;Meridion;Meridion circulare;
MCCO;Meridion;Meridion circulare;Meridion circulare var. constrictum
MCON;Meridion;Meridion constrictum;
MCCT;Microcostatus;;
MKRA;Microcostatus;Microcostatus krasskei;
NNFT;Nanofrustulum;;
NFSO;Nanofrustulum;Nanofrustulum sopotensis;
NFTR;Nanofrustulum;Nanofrustulum trainori;
NASP;Navicula;;
NAAM;Navicula;Navicula amphiceropsis;
NAAN;Navicula;Navicula angusta;
NANT;Navicula;Navicula antonii;
NXAS;Navicula;Navicula associata;
NBOT;Navicula;Navicula bottnica;
NCPR;Navicula;Navicula capitatoradiata;
NCAR;Navicula;Navicula cari;
NCAT;Navicula;Navicula catalanogermanica;
NCTT;Navicula;Navicula cataracta-rheni;
NCTV;Navicula;Navicula caterva;
NCIN;Navicula;Navicula cincta;
NCRY;Navicula;Navicula cryptocephala;
NCFA;Navicula;Navicula cryptofallax;
NCTE;Navicula;Navicula cryptotenella;
NCTO;Navicula;Navicula cryptotenelloides;
NDEA;Navicula;Navicula dealpina;
NADI;Naviculadicta;;
NDDF;Naviculadicta;Naviculadicta difficillimoides;
NERI;Navicula;Navicula erifuga;
NESC;Navicula;Navicula escambia;
NEXI;Navicula;Navicula exilis;
NGER;Navicula;Navicula germainii;
NGOT;Navicula;Navicula gottlandica;
NGRE;Navicula;Navicula gregaria;
NJAK;Navicula;Navicula jakovljevicii;
NJOC;Navicula;Navicula johncarterii;
NJOU;Navicula;Navicula joubaudii;
NLAN;Navicula;Navicula lanceolata;
NLIB;Navicula;Navicula libonensis;
NLUN;Navicula;Navicula lundii;
NMEN;Navicula;Navicula menisculus;
NMTA;Navicula;Navicula metareichardtiana;
NMCB;Navicula;Navicula microrhombus;
NNOT;Navicula;Navicula notha;
NNOV;Navicula;Navicula novaesiberica;
NOBL;Navicula;Navicula oblonga;
NPNU;Navicula;Navicula perminuta;
NPHP;Navicula;Navicula phylleptosoma;
NPRA;Navicula;Navicula praeterita;
NRAD;Navicula;Navicula radiosa;
NRCS;Navicula;Navicula recens;
NREI;Navicula;Navicula reinhardtii;
NRHY;Navicula;Navicula rhynchocephala;
NRHT;Navicula;Navicula rhynchotella;
NROS;Navicula;Navicula rostellata;
NSNM;Navicula;Navicula sancti-naumii;
NSIA;Navicula;Navicula simulata;
NSLE;Navicula;Navicula slesvicensis;
NSPD;Navicula;Navicula splendicula;
NSTL;Navicula;Navicula striolata;
NSBN;Navicula;Navicula subalpina;
NTEN;Navicula;Navicula tenelloides;
NTPT;Navicula;Navicula tripunctata;
NTRV;Navicula;Navicula trivialis;
NTCX;Navicula;Navicula trophicatrix;
NUSA;Navicula;Navicula upsaliensis;
NVDA;Navicula;Navicula vandamii;
NVEN;Navicula;Navicula veneta;
NVIP;Navicula;Navicula vilaplanii;
NVIR;Navicula;Navicula viridula;
NVGI;Navigeia;;
NGDU;Navigeia;Navigeia decussis;
NGPL;Navigeia;Navigeia paludosa;
NGTA;Navigeia;Navigeia tagensis;
NDMP;Neidiomorpha;;
NDBF;Neidiomorpha;Neidiomorpha binodeformis;
NDMB;Neidiomorpha;Neidiomorpha binodis;
NEID;Neidium;;
NEAF;Neidium;Neidium affine;
NALP;Neidium;Neidium alpinum;
NEAM;Neidium;Neidium ampliatum;
NBIS;Neidium;Neidium bisulcatum;
NDCA;Neidium;Neidium carterii;
NECF;Neidium;Neidium cuneatiforme;
NDDB;Neidium;Neidium dubiosum;
NEDU;Neidium;Neidium dubium;
NLGI;Neidium;Neidium longiceps;
NEPR;Neidium;Neidium productum;
NITZ;Nitzschia;;
NACI;Nitzschia;Nitzschia acicularis;
NACD;Nitzschia;Nitzschia acidoclinata;
NACU;Nitzschia;Nitzschia acula;
NZAD;Nitzschia;Nitzschia adamata;
NAGN;Nitzschia;Nitzschia agnita;
NAMP;Nitzschia;Nitzschia amphibia;
NAMC;Nitzschia;Nitzschia amplectens;
NIAR;Nitzschia;Nitzschia archibaldii;
NAUR;Nitzschia;Nitzschia aurariae;
NIBF;Nitzschia;Nitzschia bacilliformis;
NBRG;Nitzschia;Nitzschia bergii;
NBRE;Nitzschia;Nitzschia brevissima;
NIBU;Nitzschia;Nitzschia bulnheimiana;
NCPL;Nitzschia;Nitzschia capitellata;
NCLA;Nitzschia;Nitzschia clausii;
NCOM;Nitzschia;Nitzschia communis;
NYCO;Nitzschia;Nitzschia costei;
NDES;Nitzschia;Nitzschia desertorum;
NDIS;Nitzschia;Nitzschia dissipata;
NDME;Nitzschia;Nitzschia dissipata;Nitzschia dissipata var. media
NDRA;Nitzschia;Nitzschia draveillensis;
NDUB;Nitzschia;Nitzschia dubia;
NFIL;Nitzschia;Nitzschia filiformis;
NFIC;Nitzschia;Nitzschia filiformis;Nitzschia filiformis var. conferta
NFON;Nitzschia;Nitzschia fonticola;
NIFQ;Nitzschia;Nitzschia frequens;
NIFT;Nitzschia;Nitzschia fruticosa;
NGES;Nitzschia;Nitzschia gessneri;
NGIS;Nitzschia;Nitzschia gisela;
NIGF;Nitzschia;Nitzschia graciliformis;
NIGR;Nitzschia;Nitzschia gracilis;
NPAC;Nitzschia;Nitzschia gracilis;Nitzschia gracilis f. acicularoides
NHAN;Nitzschia;Nitzschia hantzschiana;
NHEU;Nitzschia;Nitzschia heufleriana;
NHOM;Nitzschia;Nitzschia homburgiensis;
NINC;Nitzschia;Nitzschia inconspicua;
NINT;Nitzschia;Nitzschia intermedia;
NLAL;Nitzschia;Nitzschia labella;
NILA;Nitzschia;Nitzschia lacuum;
NLBT;Nitzschia;Nitzschia liebethruthii;
NLIN;Nitzschia;Nitzschia linearis;
NZLT;Nitzschia;Nitzschia linearis;Nitzschia linearis var. tenuis
NMIC;Nitzschia;Nitzschia microcephala;
NPAL;Nitzschia;Nitzschia palea;
NPAE;Nitzschia;Nitzschia paleacea;
NIPF;Nitzschia;Nitzschia paleaeformis;
NPAD;Nitzschia;Nitzschia palea;Nitzschia palea var. debilis
NPAR;Nitzschia;Nitzschia parvula;
NPML;Nitzschia;Nitzschia pumila;
NPUF;Nitzschia;Nitzschia puriformis;
NIPU;Nitzschia;Nitzschia pusilla;
NREC;Nitzschia;Nitzschia recta;
NRFO;Nitzschia;Nitzschia rectiformis;
NSIG;Nitzschia;Nitzschia sigma;
NSIO;Nitzschia;Nitzschia sigmoidea;
NSIN;Nitzschia;Nitzschia sinuata;
NSOC;Nitzschia;Nitzschia sociabilis;
NSOL;Nitzschia;Nitzschia solgensis;
NISO;Nitzschia;Nitzschia solita;
NSTS;Nitzschia;Nitzschia soratensis;
NSUA;Nitzschia;Nitzschia subacicularis;
NSFI;Nitzschia;Nitzschia subinflata;
NSBL;Nitzschia;Nitzschia sublinearis;
NISU;Nitzschia;Nitzschia subtilis;
NZSU;Nitzschia;Nitzschia supralitorea;
NTAB;Nitzschia;Nitzschia tabellaria;
NUMB;Nitzschia;Nitzschia umbonata;
NIVA;Nitzschia;Nitzschia valdestriata;
NVER;Nitzschia;Nitzschia vermicularis;
NWUE;Nitzschia;Nitzschia wuellerstorffii;
NUPE;Nupela;;
NULA;Nupela;Nupela lapidosa;
NUWE;Nupela;Nupela wellneri;
ODOD;Odontidium;;
ODHY;Odontidium;Odontidium hyemale;
ONMA;Odontidium;Odontidium neomaximum;
ORTO;Orthoseira;;
ORSE;Orthoseira;Orthoseira roeseana;
PANT;Pantocsekiella;;
PCMS;Pantocsekiella;Pantocsekiella comensis;
PCOS;Pantocsekiella;Pantocsekiella costei;
PADE;Pantocsekiella;Pantocsekiella delicatula;
POCL;Pantocsekiella;Pantocsekiella ocellata;
PKPO;Pantocsekiella;Pantocsekiella polymorpha;
PWUE;Pantocsekiella;Pantocsekiella wuethrichiana;
PRPN;Paraplaconeis;;
PPPL;Paraplaconeis;Paraplaconeis placentula;
PARL;Parlibellus;;
PERO;Peronia;;
PFIB;Peronia;Peronia fibula;
PINS;Pinnularia;;
PACR;Pinnularia;Pinnularia acrosphaeria;
PAML;Pinnularia;Pinnularia amabilis;
PIAN;Pinnularia;Pinnularia anglica;
PBTD;Pinnularia;Pinnularia bertrandii;
PBEA;Pinnularia;Pinnularia bertrandii;Pinnularia bertrandii var. angustefasciata
PBOR;Pinnularia;Pinnularia borealis;
PBSC;Pinnularia;Pinnularia borealis;Pinnularia borealis var. scalaris
PDOR;Pinnularia;Pinnularia dornii;
PGRU;Pinnularia;Pinnularia grunowii;
PIRR;Pinnularia;Pinnularia irrorata;
PISS;Pinnularia;Pinnularia isselana;
PKNE;Pinnularia;Pinnularia kneuckeri;
PLAT;Pinnularia;Pinnularia lata;
PLUN;Pinnularia;Pinnularia lundii;
PLLN;Pinnularia;Pinnularia lundii;Pinnularia lundii var. linearis
PMDA;Pinnularia;Pinnularia media;
PMIC;Pinnularia;Pinnularia microstauron;
PMNF;Pinnularia;Pinnularia microstauron;Pinnularia microstauron var. nonfasciata
PNAM;Pinnularia;Pinnularia nanomicrostauron;
PNOD;Pinnularia;Pinnularia nodosa;
POBS;Pinnularia;Pinnularia obscura;
PPRI;Pinnularia;Pinnularia perirrorata;
PPTD;Pinnularia;Pinnularia pertriundulata;
PRUM;Pinnularia;Pinnularia rumrichae;
PSHO;Pinnularia;Pinnularia schoenfelderi;
PSCO;Pinnularia;Pinnularia scoticae;
PSIL;Pinnularia;Pinnularia silvatica;
PSIN;Pinnularia;Pinnularia sinistra;
PSDO;Pinnularia;Pinnularia stidolphii;
PSTO;Pinnularia;Pinnularia stomatophora;
PSIR;Pinnularia;Pinnularia stomatophora;Pinnularia stomatophora var. irregularis
PSBV;Pinnularia;Pinnularia subbrevistriata;
PSCA;Pinnularia;Pinnularia subcapitata;
PSCM;Pinnularia;Pinnularia subcommutata;
PSNF;Pinnularia;Pinnularia subcommutata;Pinnularia subcommutata var. nonfasciata
PSGI;Pinnularia;Pinnularia subgibba;
PSUN;Pinnularia;Pinnularia subgibba;Pinnularia subgibba var. undulata
PTIR;Pinnularia;Pinnularia tirolensis;
PTRA;Pinnularia;Pinnularia transversa;
PLAC;Placoneis;;
PCLD;Placoneis;Placoneis clementioides;
PCLT;Placoneis;Placoneis clementis;
PELG;Placoneis;Placoneis elginensis;
PGAS;Placoneis;Placoneis gastrum;
PLIG;Placoneis;Placoneis ignorata;
PPAE;Placoneis;Placoneis paraelginensis;
PPSA;Placoneis;Placoneis pseudanglica;
PUND;Placoneis;Placoneis undulata;
PLTD;Planothidium;;
PLBI;Planothidium;Planothidium biporomum;
PDAU;Planothidium;Planothidium daui;
PTDE;Planothidium;Planothidium delicatulum;
PTDU;Planothidium;Planothidium dubium;
PLFR;Planothidium;Planothidium frequentissimum;
PGRN;Planothidium;Planothidium granum;
PTHZ;Planothidium;Planothidium hinzianum;
PICU;Planothidium;Planothidium incuriatum;
PTLA;Planothidium;Planothidium lanceolatum;
PMNT;Planothidium;Planothidium minutissimum;
PPTV;Planothidium;Planothidium potapovae;
PLRC;Planothidium;Planothidium reichardtii;
PRBL;Planothidium;Planothidium rhombiculum;
PROH;Planothidium;Planothidium rostratoholarcticum;
PRST;Planothidium;Planothidium rostratum;
PVHE;Planothidium;Planothidium vanheurckii;
PWER;Planothidium;Planothidium werumianum;
PTSA;Platessa;;
PBAH;Platessa;Platessa bahlsii;
PTCO;Platessa;Platessa conspicua;
PLHO;Platessa;Platessa holsatica;
PLHU;Platessa;Platessa hustedtii;
POBL;Platessa;Platessa oblongella;
PSXO;Platessa;Platessa saxonica;
PLSW;Platessa;Platessa stewartii;
PLAY;Playaensis;;
PCIT;Playaensis;Playaensis citrus;
PLSG;Pleurosigma;;
PLEU;Pleurosira;;
PLEV;Pleurosira;Pleurosira laevis;
PSPH;Praestephanos;;
PTPU;Praestephanos;Praestephanos triporus;
PRES;Prestauroneis;;
PITE;Prestauroneis;Prestauroneis integra;
PPTA;Prestauroneis;Prestauroneis protracta;
PPRD;Prestauroneis;Prestauroneis protractoides;
PMMS;Psammothidium;;
PGRI;Psammothidium;Psammothidium grischunum;
PHEL;Psammothidium;Psammothidium helveticum;
PLVA;Psammothidium;Psammothidium levanderi;
PSRE;Psammothidium;Psammothidium rechtensis;
PMTS;Psammothidium;Psammothidium semiapertum;
PVEN;Psammothidium;Psammothidium ventrale;
PFLC;Pseudofallacia;;
PMOC;Pseudofallacia;Pseudofallacia monoculata;
PDTS;Pseudostaurosira;;
PALV;Pseudostaurosira;Pseudostaurosira alvareziae;
PSBR;Pseudostaurosira;Pseudostaurosira brevistriata;
PDCL;Pseudostaurosira;Pseudostaurosira clavatum;
PSME;Pseudostaurosira;Pseudostaurosira medliniae;
PNEL;Pseudostaurosira;Pseudostaurosira neoelliptica;
PPRS;Pseudostaurosira;Pseudostaurosira parasitica;
PDOP;Pseudostaurosira;Pseudostaurosira parasitoides;
PSMH;Pseudostaurosira;Pseudostaurosira smithii;
PUSB;Pseudostaurosira;Pseudostaurosira subconstricta;
PULP;Pulchellophycus;;
PULO;Pulchellophycus;Pulchellophycus obsitus;
PUCS;Punctastriata;;
PUDI;Punctastriata;Punctastriata discoidea;
PULA;Punctastriata;Punctastriata lancettula;
POVA;Punctastriata;Punctastriata ovalis;
REIM;Reimeria;;
RSIN;Reimeria;Reimeria sinuata;
RUNI;Reimeria;Reimeria uniseriata;
RHOI;Rhoicosphenia;;
RABB;Rhoicosphenia;Rhoicosphenia abbreviata;
RHOP;Rhopalodia;;
RRUP;Rhopalodia;Rhopalodia rupestris;
ROSS;Rossithidium;;
RSIL;Rossithidium;Rossithidium silvahercynia;
SELL;Sellaphora;;
SAME;Sellaphora;Sellaphora americana;
SEAT;Sellaphora;Sellaphora atomoides;
SEBA;Sellaphora;Sellaphora bacillum;
SBEC;Sellaphora;Sellaphora becaresii;
SECA;Sellaphora;Sellaphora capitata;
SCPO;Sellaphora;Sellaphora cosmopolitana;
SCRA;Sellaphora;Sellaphora crassulexigua;
SHUS;Sellaphora;Sellaphora hustedtii;
SJAP;Sellaphora;Sellaphora japonica;
SJUF;Sellaphora;Sellaphora jurafontinalis;
SELA;Sellaphora;Sellaphora laevissima;
SMTO;Sellaphora;Sellaphora mutatoides;
SNIG;Sellaphora;Sellaphora nigri;
SPDV;Sellaphora;Sellaphora pseudoarvensis;
SPDB;Sellaphora;Sellaphora pseudobacillum;
SPPU;Sellaphora;Sellaphora pseudopupula;
SPUP;Sellaphora;Sellaphora pupula;
SERA;Sellaphora;Sellaphora radiosa;
SRAE;Sellaphora;Sellaphora raederae;
SRHE;Sellaphora;Sellaphora rhombelliptica;
SRTU;Sellaphora;Sellaphora rotunda;
SSGE;Sellaphora;Sellaphora saugerresii;
SSBG;Sellaphora;Sellaphora schaumburgii;
SSTM;Sellaphora;Sellaphora stroemii;
SSRT;Sellaphora;Sellaphora subrotundata;
SETR;Sellaphora;Sellaphora tridentula;
SEUT;Sellaphora;Sellaphora utermoehlii;
SVTL;Sellaphora;Sellaphora ventraloides;
SVTB;Sellaphora;Sellaphora vitabundicta;
SIMO;Simonsenia;;
SIDE;Simonsenia;Simonsenia delognei;
SKAB;Skabitschewskia;;
SPRG;Skabitschewskia;Skabitschewskia peragalli;
SKEL;Skeletonema;;
SKPO;Skeletonema;Skeletonema potamos;
STFO;Stauroforma;;
SEXG;Stauroforma;Stauroforma exiguiformis;
STAS;Stauroneis;;
SADC;Stauroneis;Stauroneis acidoclinata;
STAC;Stauroneis;Stauroneis acuta;
STAG;Stauroneis;Stauroneis agrestis;
SAAP;Stauroneis;Stauroneis amphicephala;
SBOR;Stauroneis;Stauroneis borrichii;
SCRM;Stauroneis;Stauroneis charlesreimeri;
SGRL;Stauroneis;Stauroneis gracilior;
SGRC;Stauroneis;Stauroneis gracilis;
STKR;Stauroneis;Stauroneis kriegeri;
SLAT;Stauroneis;Stauroneis laterostrata;
SLGF;Stauroneis;Stauroneis leguminiformis;
SOBT;Stauroneis;Stauroneis obtusa;
SOMI;Stauroneis;Stauroneis obtusa;Stauroneis obtusa var. minor
SPTH;Stauroneis;Stauroneis parathermicola;
STSE;Stauroneis;Stauroneis separanda;
SSVH;Stauroneis;Stauroneis silvahassiaca;
SSMI;Stauroneis;Stauroneis smithii;
SSMB;Stauroneis;Stauroneis smithii;Stauroneis smithii var. borgei
STHE;Stauroneis;Stauroneis thermicola;
SPOS;Staurophora;;
STKE;Staurophora;Staurophora tackei;
SSPE;Staurosira;;
SBND;Staurosira;Staurosira binodis;
SCON;Staurosira;Staurosira construens;
SLPP;Staurosira;Staurosira lapponica;
SRMA;Staurosira;Staurosira martyi;
SRBU;Staurosira;Staurosira robusta;
SSVE;Staurosira;Staurosira venter;
SSSP;Staurosirella;;
SCAN;Staurosirella;Staurosirella canariensis;
SLEP;Staurosirella;Staurosirella leptostauron;
SLMU;Staurosirella;Staurosirella mutabilis;
SLOL;Staurosirella;Staurosirella oldenburgioides;
STOV;Staurosirella;Staurosirella ovata;
SPIN;Staurosirella;Staurosirella pinnata;
STEP;Stephanodiscus;;
SHAN;Stephanodiscus;Stephanodiscus hantzschii;
SMED;Stephanodiscus;Stephanodiscus medius;
STMI;Stephanodiscus;Stephanodiscus minutulus;
SNEO;Stephanodiscus;Stephanodiscus neoastraea;
STTU;Stephanodiscus;Stephanodiscus tenuis;
SURI;Surirella;;
SANG;Surirella;Surirella angusta;
SBIR;Surirella;Surirella birostrata;
SBRE;Surirella;Surirella brebissonii;
SBKU;Surirella;Surirella brebissonii;Surirella brebissonii var. kuetzingii
SLAC;Surirella;Surirella lacrimula;
SULB;Surirella;Surirella lange-bertalotii;
SULI;Surirella;Surirella librile;
SUMI;Surirella;Surirella minuta;
SMPE;Surirella;Surirella minuta;Surirella minuta var. peduliformis
SOVI;Surirella;Surirella ovalis;
SRBA;Surirella;Surirella roba;
SSSA;Surirella;Surirella subsalsa;
SSUE;Surirella;Surirella suecica;
STER;Surirella;Surirella terricola;
SUUN;Surirella;Surirella undulata;
TABE;Tabellaria;;
TFLO;Tabellaria;Tabellaria flocculosa;
TVEN;Tabellaria;Tabellaria ventricosa;
TABU;Tabularia;;
TFAS;Tabularia;Tabularia fasciculata;
TASP;Thalassiosira;;
TDUO;Thalassiosira;Thalassiosira duostra;
TGES;Thalassiosira;Thalassiosira gessneri;
THLA;Thalassiosira;Thalassiosira lacustris;
TRYB;Tryblionella;;
TANG;Tryblionella;Tryblionella angustata;
TAAN;Tryblionella;Tryblionella angustata;Tryblionella angustata var. acuta
TATU;Tryblionella;Tryblionella angustatula;
TBNO;Tryblionella;Tryblionella brunoi;
TCAL;Tryblionella;Tryblionella calida;
TDEB;Tryblionella;Tryblionella debilis;
TGRL;Tryblionella;Tryblionella gracilis;
TGSS;Tryblionella;Tryblionella gracilis;Tryblionella gracilis var. subsalina
THAZ;Tryblionella;Tryblionella hantzschiana;
THUN;Tryblionella;Tryblionella hungarica;
TKUE;Tryblionella;Tryblionella kuetzingii;
TLEV;Tryblionella;Tryblionella levidensis;
TSAL;Tryblionella;Tryblionella salinarum;
ULNA;Ulnaria;;
UACU;Ulnaria;Ulnaria acus;
UBIC;Ulnaria;Ulnaria biceps;
UCAP;Ulnaria;Ulnaria capitata;
UDAN;Ulnaria;Ulnaria danica;
UDEL;Ulnaria;Ulnaria delicatissima;
UOXY;Ulnaria;Ulnaria oxyrhynchus;
UULN;Ulnaria;Ulnaria ulna;
