"source";ID;abbreviation code;source_url;source_download_url
"Ector L., D. Hlúbiková (2010) Atlas des diatomées des Alpes-Maritimes et de la Région Provence-Alpes-Côte d'Azur. Centre de Recherche Public - Gabriel Lippmann, Belvaux, 393 pp.";1;PACA;https://admin.algaebase.org/search/bibliography/detail/?biblio_id=62529;https://img.algaebase.org/pdf/2E07ADD502e8f2F77FTVC391214A/62529.pdf
"Peeters V., L. Ector (2017) Atlas des diatomées des cours d’eau du territoire bourguignon. Volume 1: Centriques, Araphidées. Direction régionale de l’Environnement, de l’Aménagement et du Logement Bourgogne-Franche-Comté (DREAL), Dijon. ISBN 978-2-11-152091-2. 309 pp.";2;BRG;https://www.researchgate.net/publication/325710532_Atlas_des_diatomees_des_cours_d'eau_du_territoire_bourguignon_Volume_1_Centriques_Araphidees;https://www.researchgate.net/profile/Valerie-Peeters-2/publication/325710532_Atlas_des_diatomees_des_cours_d'eau_du_territoire_bourguignon_Volume_1_Centriques_Araphidees/links/5b1f592d0f7e9b0e373deec1/Atlas-des-diatomees-des-cours-deau-du-territoire-bourguignon-Volume-1-Centriques-Araphidees.pdf?_tp=eyJjb250ZXh0Ijp7ImZpcnN0UGFnZSI6InB1YmxpY2F0aW9uIiwicGFnZSI6InB1YmxpY2F0aW9uIn19
"Peeters V., L. Ector (2018) Atlas des diatomées des cours d’eau du territoire bourguignon. Volume 2: Monoraphidées, Brachyraphidées. Direction Régionale de l’Environnement, de l’Aménagement et du Logement Bourgogne-Franche-Comté (DREAL), Dijon. ISBN 978-2-11-152787-4. 271 pp.";3;BRG;https://www.researchgate.net/publication/329643400_T2_Atlas-diatomees-Bourgogne-2018;https://www.researchgate.net/profile/Valerie-Peeters-2/publication/329643400_T2_Atlas-diatomees-Bourgogne-2018/links/5c13720a299bf139c75723bd/T2-Atlas-diatomees-Bourgogne-2018.pdf?_tp=eyJjb250ZXh0Ijp7ImZpcnN0UGFnZSI6InB1YmxpY2F0aW9uIiwicGFnZSI6InB1YmxpY2F0aW9uIiwicHJldmlvdXNQYWdlIjoicHJvZmlsZSJ9fQ
"Peeters V. & L. Ector (2020) Atlas des diatomées des cours d’eau du territoire bourguignon. Volume 3 : Naviculacées partie 1. Direction Régionale de l’Environnement, de l’Aménagement et du Logement Bourgogne-Franche-Comté (DREAL), Dijon. ISBN: 978-2-11-162025-4. 323 pp.";4;BRG;https://www.researchgate.net/publication/338607283_Atlas_des_diatomees_des_cours_d%27eau_du_territoire_Bourguignon_volume_3;https://www.researchgate.net/profile/Valerie-Peeters-2/publication/338607283_Atlas_des_diatomees_des_cours_d'eau_du_territoire_Bourguignon_volume_3/links/5e1f1ede299bf17457c56952/Atlas-des-diatomees-des-cours-deau-du-territoire-Bourguignon-volume-3.pdf?_tp=eyJjb250ZXh0Ijp7ImZpcnN0UGFnZSI6InB1YmxpY2F0aW9uIiwicGFnZSI6InB1YmxpY2F0aW9uIiwicHJldmlvdXNQYWdlIjoiX2RpcmVjdCJ9fQ
"Asconit Consultants (2014) Atlas des diatomées d'Île de France. Direction régionale et interdépartementale de l'Environnement et de l'Énergie (DRIEE) Île-de-France, Paris. 741 pp.";5;IDF;https://www.drieat.ile-de-france.developpement-durable.gouv.fr/atlas-des-diatomees-a2070.html;https://webissimo.developpement-durable.gouv.fr/IMG/pdf/Atlas_cle24bf27.pdf
"Ector L., C.E. Wetzel, M.H. Novais, D. Guillard (2015) Atlas des diatomées des rivières des Pays de la Loire et de la Bretagne. Direction régionale de l’Environnement, de l’Aménagement et du Logement (DREAL) Pays de la Loire, Nantes, 649 pp.";6;LBG;https://www.researchgate.net/publication/291345817_Atlas_des_diatomees_des_rivieres_des_Pays_de_la_Loire_et_de_la_Bretagne_Atlas_of_freshwater_diatoms_from_rivers_of_Loire_and_Brittany_regions_France;https://webissimo.developpement-durable.gouv.fr/IMG/pdf/A_-_Atlas_diatomees_PDL_B_2015_cle7414eb.pdf
"Bey M.-Y., L. Ector (2013) Atlas des diatomées des cours d’eau de la région Rhône-Alpes. Tome 1 Centriques, Monoraphidées. Direction régionale de l’Environnement, de l’Aménagement et du Logement Rhône-Alpes, Lyon, 1182 + 27 p., 2013, ISBN 978-2-11-129817-0.";7;RA;https://www.auvergne-rhone-alpes.developpement-durable.gouv.fr/atlas-des-diatomees-a3480.html;http://webissimo.developpement-durable.gouv.fr/IMG/pdf/Tome1_2013_print_cle1aa1ad.pdf
"Bey M.-Y., L. Ector (2013) Atlas des diatomées des cours d’eau de la région Rhône-Alpes. Tome 2 Araphidées, Brachyraphidées. Direction régionale de l’Environnement, de l’Aménagement et du Logement Rhône-Alpes, Lyon, 1182 + 27 p., 2013, ISBN 978-2-11-129817-0.";8;RA;https://www.auvergne-rhone-alpes.developpement-durable.gouv.fr/atlas-des-diatomees-a3480.html;http://webissimo.developpement-durable.gouv.fr/IMG/pdf/Tome2_2013_print_cle19fdea.pdf
"Bey M.-Y., L. Ector (2013) Atlas des diatomées des cours d’eau de la région Rhône-Alpes. Tome 3 Naviculacées: Naviculoidées. Direction régionale de l’Environnement, de l’Aménagement et du Logement Rhône-Alpes, Lyon, 1182 + 27 p., 2013, ISBN 978-2-11-129817-0.";9;RA;https://www.auvergne-rhone-alpes.developpement-durable.gouv.fr/atlas-des-diatomees-a3480.html;http://webissimo.developpement-durable.gouv.fr/IMG/pdf/Tome3_2013_print_cle155b76.pdf
"Bey M.-Y., L. Ector (2013) Atlas des diatomées des cours d’eau de la région Rhône-Alpes. Tome 4 Naviculacées: Naviculoidées. Direction régionale de l’Environnement, de l’Aménagement et du Logement Rhône-Alpes, Lyon, 1182 + 27 p., 2013, ISBN 978-2-11-129817-0.";10;RA;https://www.auvergne-rhone-alpes.developpement-durable.gouv.fr/atlas-des-diatomees-a3480.html;http://webissimo.developpement-durable.gouv.fr/IMG/pdf/Tome4_2013_print_cle183697.pdf
"Bey M.-Y., L. Ector (2013) Atlas des diatomées des cours d’eau de la région Rhône-Alpes. Tome 5 Naviculacées: Cymbelloidées, Gomphonématoidées. Direction régionale de l’Environnement, de l’Aménagement et du Logement Rhône-Alpes, Lyon, 1182 + 27 p., 2013, ISBN 978-2-11-129817-0.";11;RA;https://www.auvergne-rhone-alpes.developpement-durable.gouv.fr/atlas-des-diatomees-a3480.html;http://webissimo.developpement-durable.gouv.fr/IMG/pdf/Tome5_2013_print_cle1d1248.pdf
"Bey M.-Y., L. Ector (2013) Atlas des diatomées des cours d’eau de la région Rhône-Alpes. Tome 6 Bacillariacées, Rhopalodiacées, Surirellacées. Direction régionale de l’Environnement, de l’Aménagement et du Logement Rhône-Alpes, Lyon, 1182 + 27 p., 2013, ISBN 978-2-11-129817-0.";12;RA;https://www.auvergne-rhone-alpes.developpement-durable.gouv.fr/atlas-des-diatomees-a3480.html;http://webissimo.developpement-durable.gouv.fr/IMG/pdf/Tome6_2013_print_cle1cb18a.pdf
"Asconit Consultants (2013) Atlas des diatomées de la région Languedoc Roussillon. Partie 1. Direction régionale de l’Environnement, de l’Aménagement et du Logement (DREAL) Languedoc Roussillon, Montpellier. 561 pp.";13;LAR;https://www.occitanie.developpement-durable.gouv.fr/atlas-des-diatomees-de-l-ex-partie-languedoc-a25336.html;https://www.occitanie.developpement-durable.gouv.fr/IMG/pdf/atlaslr_partie_1_d_aulicoseira_a_navicula_amphiceropsis.pdf
"Asconit Consultants (2013) Atlas des diatomées de la région Languedoc Roussillon. Partie 2. Direction régionale de l’Environnement, de l’Aménagement et du Logement (DREAL) Languedoc Roussillon, Montpellier. 561 pp.";14;LAR;https://www.occitanie.developpement-durable.gouv.fr/atlas-des-diatomees-de-l-ex-partie-languedoc-a25336.html;https://www.occitanie.developpement-durable.gouv.fr/IMG/pdf/atlaslr_partie_2_de_navicula_angusta_a_surinella.pdf
