class,tdi_value,tdi_source,tdi_source_key,match_type,darleq_tdio,darleq_tdi3
Achnanthidium minutissimum,2,Kelly&Whitton1995,achnanthidium minutissimum,exact,2,2
Discostella pseudostelligera,,,,unresolved,,
Amphora pediculus,5,Kelly&Whitton1995,amphora pediculus,exact,5,5
Achnanthidium jackii,2,Kelly&Whitton1995,achnanthidium jackii,exact,,
Nitzschia,4,Kelly&Whitton1995,nitzschia,infraspecific,,
Navicula gregaria,5,Kelly&Whitton1995,navicula gregaria,exact,4,4
Navicula lanceolata,5,Kelly&Whitton1995,navicula lanceolata,exact,5,4
Nitzschia soratensis,4,DARLEQ2:TDIo,nitzschia soratensis,darleq,4,4
Planothidium lanceolatum,5,Kelly&Whitton1995,planothidium lanceolatum,exact,5,4
Nitzschia dissipata,5,Kelly&Whitton1995,nitzschia dissipata,infraspecific,5,3
Cocconeis placentula,3,Kelly&Whitton1995,cocconeis placentula,infraspecific,3,2
Achnanthidium,2,Kelly&Whitton1995,achnanthidium,exact,,
Navicula,4,Kelly&Whitton1995,navicula,infraspecific,,
Achnanthidium pyrenaicum,2,Kelly&Whitton1995,achnanthidium pyrenaicum,exact,2,2
Planothidium frequentissimum,5,DARLEQ2:TDIo,planothidium frequentissimum,darleq,5,3
Nitzschia inconspicua,5,Kelly&Whitton1995,nitzschia inconspicua,exact,4,4
Sellaphora nigri,,,,unresolved,,
Cyclotella meduanae,,,,unresolved,,
Nitzschia palea,5,Kelly&Whitton1995,nitzschia palea,infraspecific,5,4
Cyclotella meneghiniana (Stephanocyclus meneghiniana),,,,unresolved,,
Stephanodiscus lacustris,,,,unresolved,,
Achnanthidium atomoides,2,Kelly&Whitton1995,achnanthidium subatomoides,fuzzy,,
Gomphonella olivacea,3,Kelly&Whitton1995,gomphonella olivacea,exact,,
Surirella brebissonii,3,Kelly&Whitton1995,surirella brebissonii,infraspecific,1,3
Rhoicosphenia abbreviata,5,Kelly&Whitton1995,rhoicosphenia abbreviata,exact,5,4
Navicula veneta,4,Kelly&Whitton1995,navicula veneta,exact,,4
Mayamaea permitis,5,Kelly&Whitton1995,mayamaea permitis,exact,,
Denticula tenuis,2,Kelly&Whitton1995,denticula tenuis,exact,2,2
Navicula germainii,4,DARLEQ2:TDIo,navicula germainii,darleq,4,4
Luticola frequentissima,,,,unresolved,,
Gyrosigma acuminatum,5,Kelly&Whitton1995,gyrosigma acuminatum,exact,5,5
Gomphonema parvulum,5,Kelly&Whitton1995,gomphonema parvulum,infraspecific,5,3
Navicula cryptotenella,5,Kelly&Whitton1995,navicula cryptotenella,exact,5,4
Crenotia rumrichorum,,,,unresolved,,
Humidophila contemnata,5,Kelly&Whitton1995,humidophila contenta,fuzzy,,
Meridion circulare,2,Kelly&Whitton1995,meridion circulare,infraspecific,2,2
Gomphonema micropus,5,Kelly&Whitton1995,gomphonema micropus,infraspecific,,
Navicula recens,4,Kelly&Whitton1995,navicula recens,exact,5,5
Aulacoseira granulata,,,,unresolved,,
Diatoma tenuis,3,Kelly&Whitton1995,diatoma tenuis,infraspecific,,
Fragilaria famelica,2,Kelly&Whitton1995,fragilaria famelica,exact,,
Amphora indistincta,,,,unresolved,,
Cyclotella atomus,,,,unresolved,,
Fragilaria deformis,,,,unresolved,,
Seminavis strigosa,,,,unresolved,,
Craticula,4,Kelly&Whitton1995,craticula,infraspecific,,
Melosira varians,4,Kelly&Whitton1995,melosira varians,exact,5,4
Achnanthidium saprophilum,2,Kelly&Whitton1995,achnanthidium saprophilum,exact,2,2
Achnanthidium lineare,2,Kelly&Whitton1995,achnanthidium lineare,exact,,
Amphora,5,Kelly&Whitton1995,amphora,infraspecific,,
Navicula tripunctata,4,Kelly&Whitton1995,navicula tripunctata,exact,4,5
Achnanthidium rivulare,,,,unresolved,,
Fragilaria rinoi,,,,unresolved,,
Cocconeis,2,Kelly&Whitton1995,cocconeis,exact,,
Fistulifera saprophila,5,Kelly&Whitton1995,fistulifera saprophila,exact,5,3
Nitzschia frustulum,4,Kelly&Whitton1995,nitzschia frustulum,exact,4,3
Planothidium,5,Kelly&Whitton1995,planothidium,infraspecific,,
Cyclostephanos invisitatus,,,,unresolved,,
Humidophila aerophila,5,Kelly&Whitton1995,humidophila aerophila,exact,,
Navicula rostellata,4,Kelly&Whitton1995,navicula rostellata,exact,,
Surirella minuta,3,Kelly&Whitton1995,surirella minuta,exact,3,4
Navicula cryptocephala,4,Kelly&Whitton1995,navicula cryptocephala,exact,4,3
Gomphonema sp. 1,,,,unresolved,,
Navicula antonii,4,DARLEQ2:TDIo,navicula antonii,darleq,4,4
Encyonema minutum,3,Kelly&Whitton1995,encyonema minutum,exact,3,2
Amphora inariensis,5,Kelly&Whitton1995,amphora inariensis,exact,5,4
Thalassiosira,1,Kelly&Whitton1995,thalassiosira,infraspecific,,
Fragilaria vaucheriae,3,Kelly&Whitton1995,fragilaria vaucheriae,exact,3,2
Sellaphora crassulexigua,,,,unresolved,,
Gomphonema,3,Kelly&Whitton1995,gomphonema,infraspecific,,
Gomphonema pumilum,3,Kelly&Whitton1995,gomphonema pumilum,exact,3,3
Nitzschia adamata,4,Kelly&Whitton1995,nitzschia adamata,exact,,
Nitzschia sociabilis,4,Kelly&Whitton1995,nitzschia sociabilis,exact,4,4
Navicula metareichardtiana = reichardtiana,5,DARLEQ2:TDIo,navicula reichardtiana,darleq,5,4
Humidophila simplex,4,Kelly&Whitton1995,navicula simplex,synonym,,
Nitzschia fonticola,3,Kelly&Whitton1995,nitzschia fonticola,exact,4,4
Sellaphora pupula,4,Kelly&Whitton1995,sellaphora pupula,exact,4,4
Conticribra weissflogii,5,Kelly&Whitton1995,parlibellus weissflogii,synonym,,
Stephanodiscus parvus,,,,unresolved,,
Nitzschia supralitorea,4,Kelly&Whitton1995,nitzschia supralitorea,exact,4,5
Encyonema silesiacum,3,Kelly&Whitton1995,encyonema silesiacum,exact,3,3
Cocconeis pediculus,4,Kelly&Whitton1995,cocconeis pediculus,exact,4,4
Sellaphora,4,Kelly&Whitton1995,sellaphora,infraspecific,,
Reimeria uniseriata,4,DARLEQ2:TDIo,reimeria uniseriata,darleq,4,4
Achnanthidium straubianum,,,,unresolved,,
Halamphora,5,Kelly&Whitton1995,halamphora,infraspecific,,
Ulnaria ulna,3,Kelly&Whitton1995,ulnaria ulna,exact,,
Achnanthidium subatomus,2,Kelly&Whitton1995,achnanthidium subatomus,exact,2,2
Gomphonema calcifugum,5,Kelly&Whitton1995,gomphonema calcifugum,exact,,
Humidophila contenta,5,Kelly&Whitton1995,humidophila contenta,exact,,
Achnanthidium eutrophilum,2,DARLEQ2:TDIo,achnanthidium eutrophilum,darleq,2,2
Cyclostephanos dubius,,,,unresolved,,
Navicula upsaliensis,5,Kelly&Whitton1995,navicula upsaliensis,exact,,
Nitzschia vermicularis,4,Kelly&Whitton1995,nitzschia vermicularis,exact,4,4
Sellaphora raederae,,,,unresolved,,
Surirella,3,Kelly&Whitton1995,surirella,infraspecific,,
Caloneis lancettula,3,Kelly&Whitton1995,caloneis lancettula,exact,,
Tabularia fasciculata,5,Kelly&Whitton1995,tabularia fasciculata,exact,5,4
Pantocksekiella ocellata,,,,unresolved,,
Encyonema ventricosum,3,Kelly&Whitton1995,gomphonema ventricosum,synonym,,1
Gomphonema minutum,4,Kelly&Whitton1995,gomphonema minutum,infraspecific,3,4
